,game,models,videos
0,https://www.pornstripgames.com/HTMLGames/BalInStripParadise.html,Lucy Heart,['https://www.pornstripgames.com/HTMLGames/sourceH5/Sea4Girls1.mp4']
1,https://www.pornstripgames.com/HTMLGames/16Bucks.html,Anny Aurora,['https://www.pornstripgames.com/HTMLGames/sourceH5/16Bks_Aurora2.mp4']
2,https://www.pornstripgames.com/HTMLGames/YellowCards.html,Aislin,['https://www.pornstripgames.com/HTMLGames/sourceH5/YC_Aislin3.mp4']
3,https://www.pornstripgames.com/HTMLGames/Bunny.html,Olivia Sin,['https://www.pornstripgames.com/HTMLGames/sourceH5/Bunny_Olivia1.mp4']
4,https://www.pornstripgames.com/HTMLGames/GoalMoments.html,Jillian Janson,['https://www.pornstripgames.com/HTMLGames/sourceH5/FootBall_Jillian01.mp4']
5,https://www.pornstripgames.com/HTMLGames/EazzyCover.html,Izzy,['https://www.pornstripgames.com/HTMLGames/sourceH5/Cvr_Izzy.mp4']
6,https://www.pornstripgames.com/HTMLGames/2x2Football.html,Bogdana,['https://www.pornstripgames.com/HTMLGames/sourceH5/2X2F_Bogdan1.mp4']
7,https://www.pornstripgames.com/HTMLGames/DurakV2.html,Sarika,['https://www.pornstripgames.com/HTMLGames/sourceH5/D2_Sarika1.mp4']
8,https://www.pornstripgames.com/HTMLGames/StripContest.html,"Nancy A, Eva Sugar, Yelena, Foxxi Black, Bogdana, Anny Aurora, Zazie Skymm, Katrina Moreno",['https://www.pornstripgames.com/HTMLGames/sourceH5/Cst_G01.mp4']
9,https://www.pornstripgames.com/HTMLGames/Ping2Pong.html,"Nesty,  Denise",['https://www.pornstripgames.com/HTMLGames/sourceH5/Ping2_Fuck2x2.mp4']
10,https://www.pornstripgames.com/HTMLGames/NoddingBlonde.html,Estonika,['https://www.pornstripgames.com/HTMLGames/sourceH5/Drive_EstV03.mp4']
11,https://www.pornstripgames.com/HTMLGames/VideoWallpapers.html,"Camila Chix, Merry Pie, Kira Thorn, Lovenia Lux","['https://www.pornstripgames.com/HTMLGames/sourceH5/GW_Camila01.mp4', 'https://www.pornstripgames.com/HTMLGames/sourceH5/GW_Merry01.mp4', 'https://www.pornstripgames.com/HTMLGames/sourceH5/GW_Kira01.mp4', 'https://www.pornstripgames.com/HTMLGames/sourceH5/GW_Lovenia01.mp4']"
12,https://www.pornstripgames.com/HTMLGames/StripTram.html,"Eva, Nancy A, Viola, Sarka, Kristina, Lucy Li, Casey, Estonika, Valeria, Chrissy Fox",['https://www.pornstripgames.com/HTMLGames/sourceH5/Tram_G01.mp4']
13,https://www.pornstripgames.com/HTMLGames/JackPool5.html,"Caty Campbell, Jo",['https://www.pornstripgames.com/HTMLGames/sourceH5/JP5_KathiaJo2.mp4']
14,https://www.pornstripgames.com/HTMLGames/JackPoker.html,Nancy A,['https://www.pornstripgames.com/HTMLGames/sourceH5/Stg_Nancy2.mp4']
15,https://www.pornstripgames.com/HTMLGames/Move2048.html,Olivia Sin,['https://www.pornstripgames.com/HTMLGames/sourceH5/Mv48_Olivia2.mp4']
16,https://www.pornstripgames.com/HTMLGames/StripClubs.html,Naomi Nevena,['https://www.pornstripgames.com/HTMLGames/sourceH5/StrpClbs_Naomi1.mp4']
17,https://www.pornstripgames.com/HTMLGames/RollerCoaster.html,Olivia Sin,['https://www.pornstripgames.com/HTMLGames/sourceH5/RollerCoaster_Olivia3.mp4']
18,https://www.pornstripgames.com/HTMLGames/Chess4x4.html,Merry Pie,['https://www.pornstripgames.com/HTMLGames/sourceH5/Chs_Merry1.mp4']
19,https://www.pornstripgames.com/HTMLGames/RichOnTheBeach.html,Viola,['https://www.pornstripgames.com/HTMLGames/sourceH5/SeaPool_Viola1.mp4']
20,https://www.pornstripgames.com/HTMLGames/Chess4x4x2.html,Bogdana,['https://www.pornstripgames.com/HTMLGames/sourceH5/Chss2_Dana1.mp4']
21,https://www.pornstripgames.com/HTMLGames/StreetShow.html,Nathaly Cherie,['https://www.pornstripgames.com/HTMLGames/sourceH5/StreetNathaly01.mp4']
22,https://www.pornstripgames.com/HTMLGames/Pyramids.html,Zazie Skymm,['https://www.pornstripgames.com/HTMLGames/sourceH5/Pyram_Zazie1.mp4']
23,https://www.pornstripgames.com/HTMLGames/Tunnel.html,Lucy Li,['https://www.pornstripgames.com/HTMLGames/sourceH5/Lucy_Tunnel01.mp4']
24,https://www.pornstripgames.com/HTMLGames/BigBilliard.html,"Ivana Sugar, Viktoria Diamond",['https://www.pornstripgames.com/HTMLGames/sourceH5/BBll_IvanaLesb1.mp4']
25,https://www.pornstripgames.com/HTMLGames/StreetShow2.html,Zazie Skymm,['https://www.pornstripgames.com/HTMLGames/sourceH5/StreetBud_Zazie_R2.mp4']
26,https://www.pornstripgames.com/HTMLGames/DuplexBilliard.html,"Donna Bell, Honey Demon",['https://www.pornstripgames.com/HTMLGames/sourceH5/DplxBll_Donna01.mp4']
27,https://www.pornstripgames.com/HTMLGames/Between2Layers2.html,Aletta Ocean,['https://www.pornstripgames.com/HTMLGames/sourceH5/Btw2L2_Aletta01.mp4']
28,https://www.pornstripgames.com/HTMLGames/FirstJack.html,MS.Lynna,['https://www.pornstripgames.com/HTMLGames/sourceH5/FrstJck_MsLynna001.mp4']
29,https://www.pornstripgames.com/HTMLGames/DuoPool.html,"Sarika, Lesya","['https://www.pornstripgames.com/HTMLGames/sourceH5/DuoPool_Sarika03.mp4', 'https://www.pornstripgames.com/HTMLGames/sourceH5/DuoPool_Lesya01.mp4']"
30,https://www.pornstripgames.com/HTMLGames/TeensPoker.html,"Hannah Hays, Riley Star",['https://www.pornstripgames.com/HTMLGames/sourceH5/TnsPkr_S_Hannah4.mp4']
31,https://www.pornstripgames.com/HTMLGames/Hamburger256.html,Eleanor,['https://www.pornstripgames.com/HTMLGames/sourceH5/Hmbrgr_Eleanor1.mp4']
32,https://www.pornstripgames.com/HTMLGames/JumboHunt.html,Alina N,['https://www.pornstripgames.com/HTMLGames/sourceH5/JumboHunt_Alina05.mp4']
33,https://www.pornstripgames.com/HTMLGames/ShootTheDice.html,Nancy A,['https://www.pornstripgames.com/HTMLGames/sourceH5/Dice_NancyA01.mp4']
34,https://www.pornstripgames.com/HTMLGames/JackPool_1_2.html,"Brandy Smile, Zafira",['https://www.pornstripgames.com/HTMLGames/sourceH5/JP12_BrandyLesb2.mp4']
35,https://www.pornstripgames.com/HTMLGames/PokerPool8.html,"Aletta Ocean, Brandy Smile",['https://www.pornstripgames.com/HTMLGames/sourceH5/PP8_AlettaBrandy1.mp4']
36,https://www.pornstripgames.com/HTMLGames/StripRacing.html,"Olivia Sin, Vanessa Decker",['https://www.pornstripgames.com/HTMLGames/sourceH5/Racing_Olivia01.mp4']
37,https://www.pornstripgames.com/HTMLGames/StripJack.html,Marry Queen,['https://www.pornstripgames.com/HTMLGames/sourceH5/StripJack_MarryQueen2.mp4']
38,https://www.pornstripgames.com/HTMLGames/SexyJackChess.html,Lesya,['https://www.pornstripgames.com/HTMLGames/sourceH5/JkChss_Lesya02.mp4']
39,https://www.pornstripgames.com/HTMLGames/HiLoWithBustyMandy.html,Mandy Dee,['https://www.pornstripgames.com/HTMLGames/sourceH5/HiLo_Mandy2.mp4']
40,https://www.pornstripgames.com/HTMLGames/PusAbyss.html,Lily LaBeau,['https://www.pornstripgames.com/HTMLGames/sourceH5/PsAbss_OpV5_1.mp4']
41,https://www.pornstripgames.com/HTMLGames/SumPool2.html,"Blue Angel, Brittany Spring",['https://www.pornstripgames.com/HTMLGames/sourceH5/SumPool_BlueAngel02.mp4']
42,https://www.pornstripgames.com/HTMLGames/JackPool6.html,"Antonya, Honey Demon",['https://www.pornstripgames.com/HTMLGames/sourceH5/JP6_Antonya4.mp4']
43,https://www.pornstripgames.com/HTMLGames/StreetShow3.html,Bad Barbie,['https://www.pornstripgames.com/HTMLGames/sourceH5/Street3_Barbie05.mp4']
44,https://www.pornstripgames.com/HTMLGames/RoPasCastle.html,Ella Hughes,['https://www.pornstripgames.com/HTMLGames/sourceH5/RoP_P01.mp4']
45,https://www.pornstripgames.com/HTMLGames/StripPole.html,Angel Sway,['https://www.pornstripgames.com/HTMLGames/sourceH5/Angel_02.mp4']
46,https://www.pornstripgames.com/HTMLGames/StealJack.html,Lesya,['https://www.pornstripgames.com/HTMLGames/sourceH5/Jackie_Lesya01.mp4']
47,https://www.pornstripgames.com/HTMLGames/PussyOnParade.html,Nathaly Cherie,['https://www.pornstripgames.com/HTMLGames/sourceH5/PussyParade01.mp4']
48,https://www.pornstripgames.com/HTMLGames/StrippingDots.html,Eva Elfie,['https://www.pornstripgames.com/HTMLGames/sourceH5/P2_Eva1.mp4']
49,https://www.pornstripgames.com/HTMLGames/JackPoker2.html,Merry Pie,['https://www.pornstripgames.com/HTMLGames/sourceH5/JPk2_Merry01.mp4']
50,https://www.pornstripgames.com/HTMLGames/WonderFlush3.html,"Viola, Merry Pie",['https://www.pornstripgames.com/HTMLGames/sourceH5/WF3_ViolaMerry01.mp4']
51,https://www.pornstripgames.com/HTMLGames/Martian.html,Veronica Leal,['https://www.pornstripgames.com/HTMLGames/sourceH5/Mr_Scn00_01.mp4']
52,https://www.pornstripgames.com/HTMLGames/DuplexBilliard2.html,"Bea Stiel, Yoha Galvez",['https://www.pornstripgames.com/HTMLGames/sourceH5/Dplx2_Bea01.mp4']
53,https://www.pornstripgames.com/HTMLGames/21DollarsStrip.html,Florane Russell,['https://www.pornstripgames.com/HTMLGames/sourceH5/D21_Florane02.mp4']
54,https://www.pornstripgames.com/HTMLGames/DotsPuzz.html,"Christen Courtney, Gitta Szoke, Candee Licious, Jessa Rhodes, Bibi Noel, Alexandra Cat, Nikki Dream, Veronica Leal",['https://www.pornstripgames.com/HTMLGames/sourceH5/DotsPuzz_AllVdsV2_2.mp4']
55,https://www.pornstripgames.com/HTMLGames/LasVegasTruckStrip.html,Angel Sway,['https://www.pornstripgames.com/HTMLGames/sourceH5/LasVegas_Sway003.mp4']
56,https://www.pornstripgames.com/HTMLGames/StealJack3Some.html,"Lexi Layo, Skye Blue","['https://www.pornstripgames.com/HTMLGames/sourceH5/StealJ3Sm_Lexi1.mp4', 'https://www.pornstripgames.com/HTMLGames/sourceH5/StealJ3Sm_Skye1.mp4']"
57,https://www.pornstripgames.com/HTMLGames/StripContest2.html,"Angelika Grays, Bad Barbie, Baileys, Kristina, Lovenia Lux, Sandra Blonde, Stella Cardo, Veronica Leal",['https://www.pornstripgames.com/HTMLGames/sourceH5/Ctst2_G01.mp4']
58,https://www.pornstripgames.com/HTMLGames/FornicateWithNancy.html,Nancy A,['https://www.pornstripgames.com/HTMLGames/sourceH5/NancyQz03.mp4']
59,https://www.pornstripgames.com/HTMLGames/aMAZEingStrip.html,Skye Blue,['https://www.pornstripgames.com/HTMLGames/sourceH5/5x5_SkyeBlue02.mp4']
60,https://www.pornstripgames.com/HTMLGames/ShootJack3Some.html,"Tina Kay, Jenny Wild","['https://www.pornstripgames.com/HTMLGames/sourceH5/Sht3S_TinaKay02.mp4', 'https://www.pornstripgames.com/HTMLGames/sourceH5/Sht3S_Jenny02.mp4']"
61,https://www.pornstripgames.com/HTMLGames/PentaPong.html,"Lovenia Lux, Florane Russell, Kristi, Angelika Grays",['https://www.pornstripgames.com/HTMLGames/sourceH5/Pent_G04.mp4']
62,https://www.pornstripgames.com/HTMLGames/StealFlush3Some.html,"Viola, Lucy Li","['https://www.pornstripgames.com/HTMLGames/sourceH5/Pk3S_Viola01.mp4', 'https://www.pornstripgames.com/HTMLGames/sourceH5/Pk3S_Lucy01.mp4']"
63,https://www.pornstripgames.com/HTMLGames/BlondeEscape.html,"Gitta Szoke, Angelika Black",['https://www.pornstripgames.com/HTMLGames/sourceH5/Esc_Fght01.mp4']
64,https://www.pornstripgames.com/HTMLGames/SexyCoverJack.html,Eva Elfie,['https://www.pornstripgames.com/HTMLGames/sourceH5/CvrJ_EvaElfie02.mp4']
65,https://www.pornstripgames.com/HTMLGames/PokerPool_1_2.html,"Antonya, Ariella",['https://www.pornstripgames.com/HTMLGames/sourceH5/PP12_AntonyaLsb01.mp4']
66,https://www.pornstripgames.com/HTMLGames/GuessCard.html,Kaisa Nord,['https://www.pornstripgames.com/HTMLGames/sourceH5/Gss_Kaissa001.mp4']
67,https://www.pornstripgames.com/HTMLGames/Theatre.html,Merry Pie,['https://www.pornstripgames.com/HTMLGames/sourceH5/Theatre_Merry01.mp4']
68,https://www.pornstripgames.com/HTMLGames/Shift2-2048.html,Angelika Grays,['https://www.pornstripgames.com/HTMLGames/sourceH5/Shf_Angel01.mp4']
69,https://www.pornstripgames.com/HTMLGames/ShootTheDice2.html,"Sienna Day, Antonia Sainz",['https://www.pornstripgames.com/HTMLGames/sourceH5/ShtDc2_Lesb01.mp4']
70,https://www.pornstripgames.com/HTMLGames/Sandwich3_256.html,Veronica Leal,['https://www.pornstripgames.com/HTMLGames/sourceH5/Sndw3_Veron3.mp4']
71,https://www.pornstripgames.com/HTMLGames/2Pairs.html,"Apolonia Lapiedra, Anita Bellini",['https://www.pornstripgames.com/HTMLGames/sourceH5/2Pairs_2P02.mp4']
72,https://www.pornstripgames.com/HTMLGames/SaveTheFlush.html,"Cherry Kiss, Valentina Ricci",['https://www.pornstripgames.com/HTMLGames/sourceH5/StpF_Cherry01.mp4']
73,https://www.pornstripgames.com/HTMLGames/SilverDollarPussy.html,Stella Cardo,['https://www.pornstripgames.com/HTMLGames/sourceH5/SilverD_Stella01.mp4']
74,https://www.pornstripgames.com/HTMLGames/DistinguisHer.html,"Camila Chix, Olivia Sin, Monika Benz, Angel Sway, Lexi Layo, Nika N, Casey, Sarka, Izabella, Niemira","['https://www.pornstripgames.com/HTMLGames/sourceH5/Rck_G01_P01.mp4', 'https://www.pornstripgames.com/HTMLGames/sourceH5/Rcg_G01_W01.mp4']"
75,https://www.pornstripgames.com/HTMLGames/BigBoysBilliard.html,"Caty Campbell, Samia Duarte",['https://www.pornstripgames.com/HTMLGames/sourceH5/BBBill_Kathia02.mp4']
76,https://www.pornstripgames.com/HTMLGames/Tricky3Some2.html,"Veronica Leal, Stacy Cruz","['https://www.pornstripgames.com/HTMLGames/sourceH5/Trk3s_Veronica01.mp4', 'https://www.pornstripgames.com/HTMLGames/sourceH5/Trk3s_Stacy01.mp4']"
77,https://www.pornstripgames.com/HTMLGames/PussyInFlush.html,"Nesty, Cindy Hope",['https://www.pornstripgames.com/HTMLGames/sourceH5/SxSw_Nesty002.mp4']
78,https://www.pornstripgames.com/HTMLGames/WindowCleaner.html,"Stacy Cruz, Angelika Grays, Nancy A, Veronica Leal","['https://www.pornstripgames.com/HTMLGames/sourceH5/WwWs_G1.mp4', 'https://www.pornstripgames.com/HTMLGames/sourceH5/WwWs_G2.mp4', 'https://www.pornstripgames.com/HTMLGames/sourceH5/WwWs_G3.mp4', 'https://www.pornstripgames.com/HTMLGames/sourceH5/WwWs_G4.mp4', 'https://www.pornstripgames.com/HTMLGames/sourceH5/WwWs_BG_G01.mp4']"
79,https://www.pornstripgames.com/HTMLGames/PocketsGirls3.html,"Caty Campbell, Brigit, Aletta Ocean, Katalin, April T, Layla",['https://www.pornstripgames.com/HTMLGames/sourceH5/PktG3_VG01.mp4']
80,https://www.pornstripgames.com/HTMLGames/SexyJackChess2.html,Elis,['https://www.pornstripgames.com/HTMLGames/sourceH5/JChs2_Elis01.mp4']
81,https://www.pornstripgames.com/HTMLGames/Puzzy.html,"Lina Napoli, Celine Doll, Sandra Luberc, Isabella Clark","['https://www.pornstripgames.com/HTMLGames/sourceH5/PzDf_VG01.mp4', 'https://www.pornstripgames.com/HTMLGames/sourceH5/PzDf_VG02.mp4', 'https://www.pornstripgames.com/HTMLGames/sourceH5/PzDf_VG03.mp4', 'https://www.pornstripgames.com/HTMLGames/sourceH5/PzDf_VG04.mp4']"
82,https://www.pornstripgames.com/HTMLGames/JackPool7.html,"Nesty, Katie Fuckdoll, Cecilia Scott",['https://www.pornstripgames.com/HTMLGames/sourceH5/JP7_Nesty1.mp4']
83,https://www.pornstripgames.com/HTMLGames/KingsDaughters.html,"Eva Elfie, Viola, Vanessa Decker, Bonnie Parker, Nasita, Aislin",['https://www.pornstripgames.com/HTMLGames/sourceH5/CBs_VG01.mp4']
84,https://www.pornstripgames.com/HTMLGames/JacksOn4s.html,"Pinky June, Bella Baby",['https://www.pornstripgames.com/HTMLGames/sourceH5/JF_Pinky002.mp4']
85,https://www.pornstripgames.com/HTMLGames/WildShots.html,Kira Thorn,['https://www.pornstripgames.com/HTMLGames/sourceH5/Afr_Kira01.mp4']
86,https://www.pornstripgames.com/HTMLGames/BallsOnPussy.html,Antonya,['https://www.pornstripgames.com/HTMLGames/sourceH5/XB_Antonya01.mp4']
87,https://www.pornstripgames.com/HTMLGames/JackPriceGirls.html,"Eufrat, Antonya, Mandy Dee, Henessy, Summer Breeze, Kari Sweets, Kaitlyn Andrews",['https://www.pornstripgames.com/HTMLGames/sourceH5/HW_VG1.mp4']
88,https://www.pornstripgames.com/HTMLGames/DuoPool2.html,"Eva Elfie, Vanessa Decker","['https://www.pornstripgames.com/HTMLGames/sourceH5/DuoP2_Eva01.mp4', 'https://www.pornstripgames.com/HTMLGames/sourceH5/DuoP2_Vanessa01.mp4']"
89,https://www.pornstripgames.com/HTMLGames/SilverDollarPussy2.html,Elis,['https://www.pornstripgames.com/HTMLGames/sourceH5/SD2_Elis001.mp4']
90,https://www.pornstripgames.com/HTMLGames/HiLo-Pong.html,"Kari Sweets, Tess Lyndon",['https://www.pornstripgames.com/HTMLGames/sourceH5/HL_P_BrLsb01.mp4']
91,https://www.pornstripgames.com/HTMLGames/SilverDollarPussy3.html,Estonika,['https://www.pornstripgames.com/HTMLGames/sourceH5/SDP3_Est0002.mp4']
92,https://www.pornstripgames.com/HTMLGames/DiamondDigger.html,Alessandra Jane,['https://www.pornstripgames.com/HTMLGames/sourceH5/Excv_Aless01.mp4']
93,https://www.pornstripgames.com/HTMLGames/SilverDollarPussy4.html,Kitana Lure,['https://www.pornstripgames.com/HTMLGames/sourceH5/SDP4_Kitana01.mp4']
94,https://www.pornstripgames.com/HTMLGames/SilverDollarPussy5.html,Casey,['https://www.pornstripgames.com/HTMLGames/sourceH5/SDP5_Casey01.mp4']
95,https://www.pornstripgames.com/HTMLGames/JackPool72.html,"Brandy Smile, Zafira",['https://www.pornstripgames.com/HTMLGames/sourceH5/JP72_BrandyZaf01.mp4']
96,https://www.pornstripgames.com/HTMLGames/RunningTricks.html,"Cindy Hope, Ashley",['https://www.pornstripgames.com/HTMLGames/sourceH5/RT_CindyLesb01.mp4']
97,https://www.pornstripgames.com/HTMLGames/CardsCartridge.html,Alya Stark,['https://www.pornstripgames.com/HTMLGames/sourceH5/Crtrg_Alya001.mp4']
98,https://www.pornstripgames.com/HTMLGames/PokerPool_1_3.html,"Brandy Smile, Leda",['https://www.pornstripgames.com/HTMLGames/sourceH5/PP1_3_Brandy01.mp4']
99,https://www.pornstripgames.com/HTMLGames/TriplexBilliard.html,"Elis, Nekane","['https://www.pornstripgames.com/HTMLGames/sourceH5/Trplx_Elis01.mp4', 'https://www.pornstripgames.com/HTMLGames/sourceH5/Trplx_Nekane01.mp4']"
100,https://www.pornstripgames.com/HTMLGames/CardsCartridge2.html,Agatha Vega,['https://www.pornstripgames.com/HTMLGames/sourceH5/Crtrg2_Ahata01.mp4']
101,https://www.pornstripgames.com/HTMLGames/DollarsWaterfall.html,Jenny Wild,['https://www.pornstripgames.com/HTMLGames/sourceH5/WFall_Jenny03.mp4']
102,https://www.pornstripgames.com/HTMLGames/RobotVacuumCleaner.html,Viola,['https://www.pornstripgames.com/HTMLGames/sourceH5/Rbt_Viola02.mp4']
103,https://www.pornstripgames.com/HTMLGames/RobotVacuumCleaner2.html,Naomi Nevena,['https://www.pornstripgames.com/HTMLGames/sourceH5/Rbt2_Naomi01.mp4']
104,https://www.pornstripgames.com/HTMLGames/CardsCartridge3Some.html,"Stella Cardo, Alya Stark","['https://www.pornstripgames.com/HTMLGames/sourceH5/Crtr3S_Stella001.mp4', 'https://www.pornstripgames.com/HTMLGames/sourceH5/Crtr3S_Alya001.mp4']"
105,https://www.pornstripgames.com/HTMLGames/BarrelsOfFlush.html,Ria Sunn,['https://www.pornstripgames.com/HTMLGames/sourceH5/Rails_Ria01.mp4']
106,https://www.pornstripgames.com/HTMLGames/VacuumJack.html,Jenny Wild,['https://www.pornstripgames.com/HTMLGames/sourceH5/JkCln_JennyWld001.mp4']
107,https://www.pornstripgames.com/HTMLGames/FullHouseCleaner.html,"Aletta Ocean, Barbie White",['https://www.pornstripgames.com/HTMLGames/sourceH5/FHC_Aletta04.mp4']
108,https://www.pornstripgames.com/HTMLGames/PocketsGirls4.html,"Donna Bell, Sasha Cane, Nikita, Lolly Gartner",['https://www.pornstripgames.com/HTMLGames/sourceH5/PktG3_VG01.mp4']
109,https://www.pornstripgames.com/HTMLGames/StripSoccer.html,Eva Sugar,['https://www.pornstripgames.com/HTMLGames/sourceH5/FootballEva03.mp4']
110,https://www.pornstripgames.com/HTMLGames/BitchCoinDigger.html,Sybil,['https://www.pornstripgames.com/HTMLGames/sourceH5/BtchDggr_Sybil02.mp4']
111,https://www.pornstripgames.com/HTMLGames/SoccerPoker.html,Zoe Doll,['https://www.pornstripgames.com/HTMLGames/sourceH5/SccrPkr_Zoe01.mp4']
112,https://www.pornstripgames.com/HTMLGames/JackHer.html,Alya Stark,['https://www.pornstripgames.com/HTMLGames/sourceH5/JckHer_Alya01.mp4']
113,https://www.pornstripgames.com/HTMLGames/StripSoccer2.html,Tricia Teen,['https://www.pornstripgames.com/HTMLGames/sourceH5/StrScc2_Tricia01.mp4']
114,https://www.pornstripgames.com/HTMLGames/JackHer1_2.html,Kiara Lord,['https://www.pornstripgames.com/HTMLGames/sourceH5/JckHer2_Kiara01.mp4']
115,https://www.pornstripgames.com/HTMLGames/JackHerDuo.html,Blue Angel,['https://www.pornstripgames.com/HTMLGames/sourceH5/JckHerDuo_BlueAngel01.mp4']
116,https://www.pornstripgames.com/HTMLGames/BlackHelmetHunt.html,Elizabeth Jolie,['https://www.pornstripgames.com/HTMLGames/sourceH5/Maze03_Eliz01.mp4']
117,https://www.pornstripgames.com/HTMLGames/PokerPool9.html,"Cathy Heaven, Sunny Diamond",['https://www.pornstripgames.com/HTMLGames/sourceH5/PP9_SunnyCathy01.mp4']
118,https://www.pornstripgames.com/HTMLGames/JackHer3Some.html,"Verena Maxima, Naomi Benett","['https://www.pornstripgames.com/HTMLGames/sourceH5/JH3s_Verena01.mp4', 'https://www.pornstripgames.com/HTMLGames/sourceH5/JH3s_Naomi01.mp4']"
119,https://www.pornstripgames.com/HTMLGames/AssNBrain2.html,Cherry Kiss,['https://www.pornstripgames.com/HTMLGames/sourceH5/SxLab_Cherry01.mp4']
120,https://www.pornstripgames.com/HTMLGames/JackPool8.html,"Stella Cox, Ziggy Star",['https://www.pornstripgames.com/HTMLGames/sourceH5/JP8_StellaLesb01.mp4']
121,https://www.pornstripgames.com/HTMLGames/PokHer.html,Zoe Doll,['https://www.pornstripgames.com/HTMLGames/sourceH5/PkH_Zoe02.mp4']
122,https://www.pornstripgames.com/HTMLGames/WildPussies.html,"Rose Valerie, Mila Blaze, Paulina Soul, Cherry Kiss, Marilyn Sugar",['https://www.pornstripgames.com/HTMLGames/sourceH5/Wood_VG01.mp4']
123,https://www.pornstripgames.com/HTMLGames/Puzzy2.html,"Colette W, Karina Grand, Sabrinka, Angel Emily","['https://www.pornstripgames.com/HTMLGames/sourceH5/Puzz2_V01.mp4', 'https://www.pornstripgames.com/HTMLGames/sourceH5/Puzz2_V02.mp4', 'https://www.pornstripgames.com/HTMLGames/sourceH5/Puzz2_V03.mp4', 'https://www.pornstripgames.com/HTMLGames/sourceH5/Puzz2_V04.mp4']"
124,https://www.pornstripgames.com/HTMLGames/JackPool9.html,"Denni, Henessy",['https://www.pornstripgames.com/HTMLGames/sourceH5/JP9_Denni01.mp4']
125,https://www.pornstripgames.com/HTMLGames/PokHerDuo.html,Nikita,['https://www.pornstripgames.com/HTMLGames/sourceH5/PkHD_Nikita04.mp4']
126,https://www.pornstripgames.com/HTMLGames/GirlsInPuzz.html,"Bianca Golden, Jordan Green, Anette Dawn, Bea Stiel, Sasha Cane, Tiara Bell, Mariah, May, Nikita, Blue Angel, Cherry Angel, Honey Demon, Cherry Kiss",['https://www.pornstripgames.com/HTMLGames/sourceH5/15Pz_Cherry01.mp4']
127,https://www.pornstripgames.com/HTMLGames/PussyBehindWall.html,Zazie Skymm,['https://www.pornstripgames.com/HTMLGames/sourceH5/WM_Zazie01.mp4']
128,https://www.pornstripgames.com/HTMLGames/PokHer3Some.html,"Alexis Adams, Agatha Vega","['https://www.pornstripgames.com/HTMLGames/sourceH5/PkH3S_Alexis01.mp4', 'https://www.pornstripgames.com/HTMLGames/sourceH5/PkH3S_Agatha01.mp4']"
129,https://www.pornstripgames.com/HTMLGames/Tokens-ASSeptingSubway.html,Veronica Clark,['https://www.pornstripgames.com/HTMLGames/sourceH5/SubwNY_Veron01.mp4']
130,https://www.pornstripgames.com/HTMLGames/DuplexBilliard1x1.html,"Vanda Lust, Mira Cuckold",['https://www.pornstripgames.com/HTMLGames/sourceH5/Dplx11_Vanda01.mp4']
131,https://www.pornstripgames.com/HTMLGames/FullOfPanties.html,May,['https://www.pornstripgames.com/HTMLGames/sourceH5/15Mrg_May02.mp4']
132,https://www.pornstripgames.com/HTMLGames/DuplexBilliard3.html,"Nikita, Cipriana",['https://www.pornstripgames.com/HTMLGames/sourceH5/Dplx3_NikitaLesb01.mp4']
133,https://www.pornstripgames.com/HTMLGames/BustyLusty.html,Eva Elfie,['https://www.pornstripgames.com/HTMLGames/sourceH5/Sh20_EvaElfie01.mp4']
134,https://www.pornstripgames.com/HTMLGames/MassageBrush.html,Rachele Richey,['https://www.pornstripgames.com/HTMLGames/sourceH5/Brsh_Rachele01.mp4']
135,https://www.pornstripgames.com/HTMLGames/GirlsUnderBalls.html,"Blanche Bradburry, Suzie Carina, Lady Pinkdot",['https://www.pornstripgames.com/HTMLGames/sourceH5/P4P_Blanche02.mp4']
136,https://www.pornstripgames.com/HTMLGames/MachineGunBelt.html,Little Caprice,['https://www.pornstripgames.com/HTMLGames/sourceH5/MachGun_Caprice01.mp4']
137,https://www.pornstripgames.com/HTMLGames/PokerDuel2.html,"Gitta Szoke, Zafira",['https://www.pornstripgames.com/HTMLGames/sourceH5/PD2_GittaZafira02.mp4']
138,https://www.pornstripgames.com/HTMLGames/SumPool3.html,"Jasmine Rouge, Honey Demon",['https://www.pornstripgames.com/HTMLGames/sourceH5/SumP3_Jasmine01.mp4']
139,https://www.pornstripgames.com/HTMLGames/NonStopBilliard.html,"Katalin, Peaches",['https://www.pornstripgames.com/HTMLGames/sourceH5/NonStop_KatalinLesb01.mp4']
140,https://www.pornstripgames.com/HTMLGames/StripPokerClassic.html,Agatha Vega,['https://www.pornstripgames.com/HTMLGames/sourceH5/PkClss_Agatha01.mp4']
141,https://www.pornstripgames.com/HTMLGames/BJCountry4.html,"Eve Sweet, Eva Elfie, Nekane, Li Moon, Chloe Lamoure, Kay J, Estonika, Stacy Cruz, Elin Flame, Carly Rae, Jia Lissa, Lucy Li, Marica Chanelle, Baileys, Melena Maria, Florane Russell",['https://www.pornstripgames.com/HTMLGames/sourceH5/BJ4_VG04.mp4.mp4']
142,https://www.pornstripgames.com/HTMLGames/DuplexBilliard4.html,"Zafira, Cindy Hope",['https://www.pornstripgames.com/HTMLGames/sourceH5/Dplx4_ZafiraLesb01.mp4']
143,https://www.pornstripgames.com/HTMLGames/16Holes.html,Sharon White,['https://www.pornstripgames.com/HTMLGames/sourceH5/16Hls_SharonWhite01.mp4']
144,https://www.pornstripgames.com/HTMLGames/GuessPole.html,"Bad Barbie, Kristina, Lexi Layo, Lya Missy, Maria Rubio, Monika Benz, Nekane, Tina, Verena Maxima, Vivia",['https://www.pornstripgames.com/HTMLGames/sourceH5/Clb_GirlsParade03.mp4']
145,https://www.pornstripgames.com/HTMLGames/NonStopBilliard2.html,"Salome, Tina Martinez",['https://www.pornstripgames.com/HTMLGames/sourceH5/Nstp2_SalomeLesb01.mp4']
146,https://www.pornstripgames.com/HTMLGames/GirlsOfHoles.html,"Tina Chanelle, Monika Benz, Little Caprice, Scarlett Jones, Melena Maria, Verena Maxima",['https://www.pornstripgames.com/HTMLGames/sourceH5/GH_VG01.mp4']
147,https://www.pornstripgames.com/HTMLGames/HeatingPussies.html,"Scarlett Jones, Lil Vos, Anny Aurora",['https://www.pornstripgames.com/HTMLGames/sourceH5/Vlcn_L7VG01.mp4']
148,https://www.pornstripgames.com/HTMLGames/TriplexBilliard2.html,"Alya Stark, Sharon White","['https://www.pornstripgames.com/HTMLGames/sourceH5/Trplx2_Alya01.mp4', 'https://www.pornstripgames.com/HTMLGames/sourceH5/Trplx2_Sharon02.mp4']"
149,https://www.pornstripgames.com/HTMLGames/PokerJerk.html,"Verena Maxima, Foxxi Black","['https://www.pornstripgames.com/HTMLGames/sourceH5/PkJrk_Verena01.mp4', 'https://www.pornstripgames.com/HTMLGames/sourceH5/PkJrk_Foxxi01.mp4']"
150,https://www.pornstripgames.com/HTMLGames/BlackJackOfTheOpera.html,Verena Maxima,['https://www.pornstripgames.com/HTMLGames/sourceH5/RoyOp_Verena01.mp4']
151,https://www.pornstripgames.com/HTMLGames/SexyJacksy.html,Sharon White,['https://www.pornstripgames.com/HTMLGames/sourceH5/ShftJk_Sharon01.mp4']
152,https://www.pornstripgames.com/HTMLGames/MazyPussy.html,"Eva Sugar, Bad Barbie, Nika N, Elis, Eva Elfie, Merry Pie, Scarlett Jones, Lya Missy, Sharon White, Zazie Skymm",['https://www.pornstripgames.com/HTMLGames/sourceH5/MzPss_G1_10_02.mp4']
153,https://www.pornstripgames.com/HTMLGames/PleasureCombination.html,Lya Missy,['https://www.pornstripgames.com/HTMLGames/sourceH5/Limo_Lya01.mp4']
154,https://www.pornstripgames.com/HTMLGames/24x2048.html,Paola Hard,['https://www.pornstripgames.com/HTMLGames/sourceH5/24x2048_PaolaHard01.mp4']
155,https://www.pornstripgames.com/HTMLGames/PleasureCombination2.html,Angelika Grays,['https://www.pornstripgames.com/HTMLGames/sourceH5/Limo2_Angelika01.mp4']
156,https://www.pornstripgames.com/HTMLGames/SumPool-1_2.html,"Antonya, Bianca Golden",['https://www.pornstripgames.com/HTMLGames/sourceH5/SmP12_AntonyaBianca01.mp4']
157,https://www.pornstripgames.com/HTMLGames/OctoPuzz.html,"Anita Pearl, Sandy, Dido Angel, Jessie Jazz, Cherry Kiss, Lolly Gartner, Angelika Grays, Shalina Divine, Veronica Leal, Rebecca Black",['https://www.pornstripgames.com/HTMLGames/sourceH5/OctP_V_All01.mp4']
158,https://www.pornstripgames.com/HTMLGames/Chaotic512x2.html,Sharon White,['https://www.pornstripgames.com/HTMLGames/sourceH5/512_Sharon01.mp4']
159,https://www.pornstripgames.com/HTMLGames/PuzzyBalls.html,"Brandy Smile, Cipriana, Viktoria Diamond, Michelle Moist, Ivana Sugar, Mira Sunset, Mandy Dee, Rebecca Black, Bea Stiel, Christen Courtney, Honey Winter, Angel Emily",['https://www.pornstripgames.com/HTMLGames/sourceH5/RnP_AllVids02.mp4']
160,https://www.pornstripgames.com/HTMLGames/PocketsGirls5.html,"Aleska Diamond, Tiara Bell, Frida, Bianca Golden",['https://www.pornstripgames.com/HTMLGames/sourceH5/PkG5_G01.mp4']
161,https://www.pornstripgames.com/HTMLGames/StripDarts.html,"Shalina Divine, Amelie Pure",['https://www.pornstripgames.com/HTMLGames/sourceH5/Drts_Shalina01.mp4']
162,https://www.pornstripgames.com/HTMLGames/TitsUnderTiles.html,Freya Mayer,['https://www.pornstripgames.com/HTMLGames/sourceH5/TtsTls_Freya01.mp4']
163,https://www.pornstripgames.com/HTMLGames/PokerDarts.html,"Ivana Sugar, Mira Sunset",['https://www.pornstripgames.com/HTMLGames/sourceH5/PkDrts_IvanaLesb01.mp4']
164,https://www.pornstripgames.com/HTMLGames/WelcomeToRome.html,Rebecca Volpetti,['https://www.pornstripgames.com/HTMLGames/sourceH5/Rome_Rebecca01.mp4']
165,https://www.pornstripgames.com/HTMLGames/LockNGirls.html,"Morgan Rain, Ellie Eilish, Natalie Knight, Aria Banks",['https://www.pornstripgames.com/HTMLGames/sourceH5/Lckd_GV01.mp4']
166,https://www.pornstripgames.com/HTMLGames/PokerPool-3_2.html,"Brandy Smile, Antonya",['https://www.pornstripgames.com/HTMLGames/sourceH5/PkP3_AntonyaBrandy01.mp4']
167,https://www.pornstripgames.com/HTMLGames/PokerRacing.html,Paola Hard,['https://www.pornstripgames.com/HTMLGames/sourceH5/PkRcng_Paola01.mp4']
168,https://www.pornstripgames.com/HTMLGames/9CellsStrip.html,"Mira K, Veronica Leal, Sybil, Eve Sweet",['https://www.pornstripgames.com/HTMLGames/sourceH5/9s_GV01.mp4']
169,https://www.pornstripgames.com/HTMLGames/PocketsGirls6.html,"Serenity, Marilyn, Mandy Dee, Brigit, Laraan, Dido Angel",['https://www.pornstripgames.com/HTMLGames/sourceH5/PktG6_VG01.mp4']
170,https://www.pornstripgames.com/HTMLGames/TitsUnderTiles32.html,Alya Stark,['https://www.pornstripgames.com/HTMLGames/sourceH5/Tts32_Alya01.mp4']
171,https://www.pornstripgames.com/HTMLGames/9CellsPussy.html,"Colette W, Ariel Temple, Danielle Soul, Madison Lush, Danna Ray, Victoria Pure, Christina Shine, Nina Heels, Renata Fox, Anna De Ville, Veronica Leal",['https://www.pornstripgames.com/HTMLGames/sourceH5/15V_10GVds.mp4']
172,https://www.pornstripgames.com/HTMLGames/FuckedOrEaten.html,Angelika Grays,['https://www.pornstripgames.com/HTMLGames/sourceH5/YrMz_Angelika02.mp4']
173,https://www.pornstripgames.com/HTMLGames/TitsUnderCards.html,Sharon White,['https://www.pornstripgames.com/HTMLGames/sourceH5/TtsCrds_Sharon02.mp4']
174,https://www.pornstripgames.com/HTMLGames/TitsUnderCardsDuo.html,Paola Hard,['https://www.pornstripgames.com/HTMLGames/sourceH5/TtsCrdsDuo_Paola01.mp4']
175,https://www.pornstripgames.com/HTMLGames/TitsUnderCards3Some.html,"Mimi Cica, Apolonia","['https://www.pornstripgames.com/HTMLGames/sourceH5/Tts3Sm_Mimi01.mp4', 'https://www.pornstripgames.com/HTMLGames/sourceH5/Tts3Sm_Apolonia01.mp4']"
176,https://www.pornstripgames.com/HTMLGames/GirlsOfHoles2.html,"Sonya Blaze, Lil Vos, Agatha Vega, Marica Chanelle, Naomi Benett, Sybil",['https://www.pornstripgames.com/HTMLGames/sourceH5/GH2_VG01.mp4']
177,https://www.pornstripgames.com/HTMLGames/TitsUnderCardsDuo2.html,Mimi Cica,['https://www.pornstripgames.com/HTMLGames/sourceH5/TtsD2_Cica02.mp4']
178,https://www.pornstripgames.com/HTMLGames/3PussyPuzzle.html,"Marry Queen, Michelle Moist, Dido Angel, Adelle, Tiara Bell, Bianca Golden, Eve Smile, Jo, Nathaly Cherie, Nikki Dream, Lolly Gartner, Sabrina, Shalina Divine, Vanda Lust, Sabrina A, Sabrinka, Willa","['https://www.pornstripgames.com/HTMLGames/sourceH5/PzMx_Vid01.mp4', 'https://www.pornstripgames.com/HTMLGames/sourceH5/PzMx_Vid02.mp4', 'https://www.pornstripgames.com/HTMLGames/sourceH5/PzMx_Vid03.mp4']"
179,https://www.pornstripgames.com/HTMLGames/PokerPool_10.html,"Jenny Love, Daikiri",['https://www.pornstripgames.com/HTMLGames/sourceH5/PkP10_Jenny01.mp4']
180,https://www.pornstripgames.com/HTMLGames/MazyBeauties.html,"Dido Angel, Sasha Cane, Jessica Moore, Christina Bella, Bernice, Haley Hill, Ioana, Dulsineya, Kissy, Kitty Cat, Irina Bruni, Antonya, Tina Kay",['https://www.pornstripgames.com/HTMLGames/sourceH5/MzPzz_All01.mp4']
181,https://www.pornstripgames.com/HTMLGames/HighwayFlush.html,Verena Maxima,['https://www.pornstripgames.com/HTMLGames/sourceH5/Highway_Verena01.mp4']
182,https://www.pornstripgames.com/HTMLGames/TitsUnderFlushDuo.html,Eva Elfie,['https://www.pornstripgames.com/HTMLGames/sourceH5/TtsFlsh_Eva02.mp4']
